{
"lengthUnit": "mil",
"components": {
	"fields": ["COMPONENT_NO", "COMPONENT_NAME", "LAYER", "X_COORDINATE", "Y_COORDINATE", "ANGLE"],
	"rows": [
		[1, "C1", "T", 1034.47, -888.5, 90],
		[2, "C2", "T", 1270, -889.42, 270],
		[3, "C3", "T", 727.86, -888.5, 90],
		[4, "C4", "T", 501.98, -889.42, 270],
		[5, "D1", "T", 647.82, -1204.74, 180],
		[6, "H1", "T", 3535, -760, 0],
		[7, "H2", "T", 266.95, -2626.37, 0],
		[8, "H3", "T", 266.95, 258.63, 0],
		[9, "H4", "T", 3793.72, 258.63, 0],
		[10, "H5", "T", 3793.72, -2626.37, 0],
		[11, "LED1", "T", 205.81, -702.76, 0],
		[12, "R1", "T", 205.81, -240.95, 270],
		[13, "SW1", "T", 200.79, -1214.78, 180],
		[14, "U1", "T", 2540, -1920, 90],
		[15, "U4", "T", 648.55, -1556.12, 270],
		[16, "U5", "T", 3370, -290, 90],
		[17, "U6", "T", 3695, -290, 270],
		[18, "U7", "T", 648.55, -2000, 0],
		[19, "U8", "T", 290.14, -2304.07, 0],
		[20, "U9", "T", 1006.96, -2304.07, 0],
		[21, "U10", "T", 648.55, -2610, 0],
		[22, "U11", "T", 648.55, -2304.07, 0],
		[23, "USB1", "T", 255, -1800, 270]
	]
},
"pins": {
	"fields": ["PIN_NO", "PIN_NAME", "PIN_X", "PIN_Y", "LAYER", "PIN_TYPE", "NET_NAME", "NET_TYPE", "PAD_SHAPE", "PAD_SIZEX", "PAD_SIZEY", "HOLE_SIZE", "PAD_ANGLE"],
	"rows": [
		[1, "C1_1", 1034.47, -938.5, "T", "DIP", "+5V", "", "C", 62.99, 62.99, 39.37, 90],
		[2, "C1_1", 1034.47, -938.5, "B", "DIP", "+5V", "", "C", 62.99, 62.99, 39.37, 90],
		[3, "C1_2", 1034.47, -838.5, "T", "DIP", "GND", "GND", "C", 62.99, 62.99, 39.37, 90],
		[4, "C1_2", 1034.47, -838.5, "B", "DIP", "GND", "GND", "C", 62.99, 62.99, 39.37, 90],
		[5, "C2_1", 1270, -790.99, "T", "DIP", "GND", "GND", "C", 62.99, 62.99, 39.37, 270],
		[6, "C2_1", 1270, -790.99, "B", "DIP", "GND", "GND", "C", 62.99, 62.99, 39.37, 270],
		[7, "C2_2", 1270, -987.84, "T", "DIP", "+5V", "", "C", 62.99, 62.99, 39.37, 270],
		[8, "C2_2", 1270, -987.84, "B", "DIP", "+5V", "", "C", 62.99, 62.99, 39.37, 270],
		[9, "C3_1", 727.86, -938.5, "T", "DIP", "MOTOR-VCC", "", "C", 62.99, 62.99, 39.37, 90],
		[10, "C3_1", 727.86, -938.5, "B", "DIP", "MOTOR-VCC", "", "C", 62.99, 62.99, 39.37, 90],
		[11, "C3_2", 727.86, -838.5, "T", "DIP", "GND", "GND", "C", 62.99, 62.99, 39.37, 90],
		[12, "C3_2", 727.86, -838.5, "B", "DIP", "GND", "GND", "C", 62.99, 62.99, 39.37, 90],
		[13, "C4_1", 501.98, -790.99, "T", "DIP", "GND", "GND", "C", 62.99, 62.99, 39.37, 270],
		[14, "C4_1", 501.98, -790.99, "B", "DIP", "GND", "GND", "C", 62.99, 62.99, 39.37, 270],
		[15, "C4_2", 501.98, -987.84, "T", "DIP", "MOTOR-VCC", "", "C", 62.99, 62.99, 39.37, 270],
		[16, "C4_2", 501.98, -987.84, "B", "DIP", "MOTOR-VCC", "", "C", 62.99, 62.99, 39.37, 270],
		[17, "D1_1", 789.55, -1204.74, "T", "DIP", "+5V", "", "C", 60, 60, 36, 0],
		[18, "D1_1", 789.55, -1204.74, "B", "DIP", "+5V", "", "C", 60, 60, 36, 0],
		[19, "D1_2", 506.09, -1204.74, "T", "DIP", "MOTOR-VCC", "", "C", 60, 60, 36, 0],
		[20, "D1_2", 506.09, -1204.74, "B", "DIP", "MOTOR-VCC", "", "C", 60, 60, 36, 0],
		[21, "H1_1", 3285, -760, "T", "DIP", "$1N1765", "", "R", 66.93, 66.93, 43.31, 0],
		[22, "H1_1", 3285, -760, "B", "DIP", "$1N1765", "", "R", 66.93, 66.93, 43.31, 0],
		[23, "H1_2", 3385, -760, "T", "DIP", "GND", "GND", "C", 66.93, 66.93, 43.31, 0],
		[24, "H1_2", 3385, -760, "B", "DIP", "GND", "GND", "C", 66.93, 66.93, 43.31, 0],
		[25, "H1_3", 3485, -760, "T", "DIP", "ENCODER-A", "", "C", 66.93, 66.93, 43.31, 0],
		[26, "H1_3", 3485, -760, "B", "DIP", "ENCODER-A", "", "C", 66.93, 66.93, 43.31, 0],
		[27, "H1_4", 3585, -760, "T", "DIP", "ENCODER-B", "", "C", 66.93, 66.93, 43.31, 0],
		[28, "H1_4", 3585, -760, "B", "DIP", "ENCODER-B", "", "C", 66.93, 66.93, 43.31, 0],
		[29, "H1_5", 3685, -760, "T", "DIP", "3V3", "", "C", 66.93, 66.93, 43.31, 0],
		[30, "H1_5", 3685, -760, "B", "DIP", "3V3", "", "C", 66.93, 66.93, 43.31, 0],
		[31, "H1_6", 3785, -760, "T", "DIP", "$1N1740", "", "C", 66.93, 66.93, 43.31, 0],
		[32, "H1_6", 3785, -760, "B", "DIP", "$1N1740", "", "C", 66.93, 66.93, 43.31, 0],
		[33, "H2_1", 213.95, -2544.57, "T", "DIP", "H2_1", "", "C", 40, 40, 40.2, 300],
		[34, "H2_1", 213.95, -2544.57, "B", "DIP", "H2_1", "", "C", 40, 40, 40.2, 300],
		[35, "H2_1", 319.95, -2544.57, "T", "DIP", "H2_A_1", "", "C", 40, 40, 40.2, 240],
		[36, "H2_1", 319.95, -2544.57, "B", "DIP", "H2_A_1", "", "C", 40, 40, 40.2, 240],
		[37, "H2_1", 366.95, -2636.37, "T", "DIP", "H2_B_1", "", "C", 40, 40, 40.2, 180],
		[38, "H2_1", 366.95, -2636.37, "B", "DIP", "H2_B_1", "", "C", 40, 40, 40.2, 180],
		[39, "H2_1", 311.95, -2711.37, "T", "DIP", "H2_C_1", "", "C", 40, 40, 40.2, 120],
		[40, "H2_1", 311.95, -2711.37, "B", "DIP", "H2_C_1", "", "C", 40, 40, 40.2, 120],
		[41, "H2_1", 221.95, -2711.37, "T", "DIP", "H2_D_1", "", "C", 40, 40, 40.2, 60],
		[42, "H2_1", 221.95, -2711.37, "B", "DIP", "H2_D_1", "", "C", 40, 40, 40.2, 60],
		[43, "H2_1", 171.95, -2631.37, "T", "DIP", "H2_E_1", "", "C", 40, 40, 40.2, 0],
		[44, "H2_1", 171.95, -2631.37, "B", "DIP", "H2_E_1", "", "C", 40, 40, 40.2, 0],
		[45, "H2_1", 266.95, -2626.37, "T", "DIP", "H2_F_1", "", "C", 255.91, 255.91, 125.2, 0],
		[46, "H2_1", 266.95, -2626.37, "B", "DIP", "H2_F_1", "", "C", 255.91, 255.91, 125.2, 0],
		[47, "H3_1", 213.95, 340.43, "T", "DIP", "H3_1", "", "C", 40, 40, 40.2, 300],
		[48, "H3_1", 213.95, 340.43, "B", "DIP", "H3_1", "", "C", 40, 40, 40.2, 300],
		[49, "H3_1", 319.95, 340.43, "T", "DIP", "H3_A_1", "", "C", 40, 40, 40.2, 240],
		[50, "H3_1", 319.95, 340.43, "B", "DIP", "H3_A_1", "", "C", 40, 40, 40.2, 240],
		[51, "H3_1", 366.95, 248.63, "T", "DIP", "H3_B_1", "", "C", 40, 40, 40.2, 180],
		[52, "H3_1", 366.95, 248.63, "B", "DIP", "H3_B_1", "", "C", 40, 40, 40.2, 180],
		[53, "H3_1", 311.95, 173.63, "T", "DIP", "H3_C_1", "", "C", 40, 40, 40.2, 120],
		[54, "H3_1", 311.95, 173.63, "B", "DIP", "H3_C_1", "", "C", 40, 40, 40.2, 120],
		[55, "H3_1", 221.95, 173.63, "T", "DIP", "H3_D_1", "", "C", 40, 40, 40.2, 60],
		[56, "H3_1", 221.95, 173.63, "B", "DIP", "H3_D_1", "", "C", 40, 40, 40.2, 60],
		[57, "H3_1", 171.95, 253.63, "T", "DIP", "H3_E_1", "", "C", 40, 40, 40.2, 0],
		[58, "H3_1", 171.95, 253.63, "B", "DIP", "H3_E_1", "", "C", 40, 40, 40.2, 0],
		[59, "H3_1", 266.95, 258.63, "T", "DIP", "H3_F_1", "", "C", 255.91, 255.91, 125.2, 0],
		[60, "H3_1", 266.95, 258.63, "B", "DIP", "H3_F_1", "", "C", 255.91, 255.91, 125.2, 0],
		[61, "H4_1", 3740.72, 340.43, "T", "DIP", "H4_1", "", "C", 40, 40, 40.2, 300],
		[62, "H4_1", 3740.72, 340.43, "B", "DIP", "H4_1", "", "C", 40, 40, 40.2, 300],
		[63, "H4_1", 3846.72, 340.43, "T", "DIP", "H4_A_1", "", "C", 40, 40, 40.2, 240],
		[64, "H4_1", 3846.72, 340.43, "B", "DIP", "H4_A_1", "", "C", 40, 40, 40.2, 240],
		[65, "H4_1", 3893.72, 248.63, "T", "DIP", "H4_B_1", "", "C", 40, 40, 40.2, 180],
		[66, "H4_1", 3893.72, 248.63, "B", "DIP", "H4_B_1", "", "C", 40, 40, 40.2, 180],
		[67, "H4_1", 3838.72, 173.63, "T", "DIP", "H4_C_1", "", "C", 40, 40, 40.2, 120],
		[68, "H4_1", 3838.72, 173.63, "B", "DIP", "H4_C_1", "", "C", 40, 40, 40.2, 120],
		[69, "H4_1", 3748.72, 173.63, "T", "DIP", "H4_D_1", "", "C", 40, 40, 40.2, 60],
		[70, "H4_1", 3748.72, 173.63, "B", "DIP", "H4_D_1", "", "C", 40, 40, 40.2, 60],
		[71, "H4_1", 3698.72, 253.63, "T", "DIP", "H4_E_1", "", "C", 40, 40, 40.2, 0],
		[72, "H4_1", 3698.72, 253.63, "B", "DIP", "H4_E_1", "", "C", 40, 40, 40.2, 0],
		[73, "H4_1", 3793.72, 258.63, "T", "DIP", "H4_F_1", "", "C", 255.91, 255.91, 125.2, 0],
		[74, "H4_1", 3793.72, 258.63, "B", "DIP", "H4_F_1", "", "C", 255.91, 255.91, 125.2, 0],
		[75, "H5_1", 3740.72, -2544.57, "T", "DIP", "H5_1", "", "C", 40, 40, 40.2, 300],
		[76, "H5_1", 3740.72, -2544.57, "B", "DIP", "H5_1", "", "C", 40, 40, 40.2, 300],
		[77, "H5_1", 3846.72, -2544.57, "T", "DIP", "H5_A_1", "", "C", 40, 40, 40.2, 240],
		[78, "H5_1", 3846.72, -2544.57, "B", "DIP", "H5_A_1", "", "C", 40, 40, 40.2, 240],
		[79, "H5_1", 3893.72, -2636.37, "T", "DIP", "H5_B_1", "", "C", 40, 40, 40.2, 180],
		[80, "H5_1", 3893.72, -2636.37, "B", "DIP", "H5_B_1", "", "C", 40, 40, 40.2, 180],
		[81, "H5_1", 3838.72, -2711.37, "T", "DIP", "H5_C_1", "", "C", 40, 40, 40.2, 120],
		[82, "H5_1", 3838.72, -2711.37, "B", "DIP", "H5_C_1", "", "C", 40, 40, 40.2, 120],
		[83, "H5_1", 3748.72, -2711.37, "T", "DIP", "H5_D_1", "", "C", 40, 40, 40.2, 60],
		[84, "H5_1", 3748.72, -2711.37, "B", "DIP", "H5_D_1", "", "C", 40, 40, 40.2, 60],
		[85, "H5_1", 3698.72, -2631.37, "T", "DIP", "H5_E_1", "", "C", 40, 40, 40.2, 0],
		[86, "H5_1", 3698.72, -2631.37, "B", "DIP", "H5_E_1", "", "C", 40, 40, 40.2, 0],
		[87, "H5_1", 3793.72, -2626.37, "T", "DIP", "H5_F_1", "", "C", 255.91, 255.91, 125.2, 0],
		[88, "H5_1", 3793.72, -2626.37, "B", "DIP", "H5_F_1", "", "C", 255.91, 255.91, 125.2, 0],
		[89, "LED1_1", 155.81, -702.76, "T", "DIP", "GND", "GND", "C", 70.87, 70.87, 39.37, 0],
		[90, "LED1_1", 155.81, -702.76, "B", "DIP", "GND", "GND", "C", 70.87, 70.87, 39.37, 0],
		[91, "LED1_2", 255.81, -702.76, "T", "DIP", "$1N10337", "", "C", 70.87, 70.87, 39.37, 0],
		[92, "LED1_2", 255.81, -702.76, "B", "DIP", "$1N10337", "", "C", 70.87, 70.87, 39.37, 0],
		[93, "R1_1", 205.81, -40.16, "T", "DIP", "+5V", "", "C", 55.12, 55.12, 31.5, 270],
		[94, "R1_1", 205.81, -40.16, "B", "DIP", "+5V", "", "C", 55.12, 55.12, 31.5, 270],
		[95, "R1_2", 205.81, -441.74, "T", "DIP", "$1N10337", "", "C", 55.12, 55.12, 31.5, 270],
		[96, "R1_2", 205.81, -441.74, "B", "DIP", "$1N10337", "", "C", 55.12, 55.12, 31.5, 270],
		[97, "SW1_1", 200.79, -1339.78, "T", "DIP", "SW1_1", "", "C", 60, 60, 39.37, 180],
		[98, "SW1_1", 200.79, -1339.78, "B", "DIP", "SW1_1", "", "C", 60, 60, 39.37, 180],
		[99, "SW1_2", 200.79, -1219.78, "T", "DIP", "$1N706", "", "C", 60, 60, 39.37, 180],
		[100, "SW1_2", 200.79, -1219.78, "B", "DIP", "$1N706", "", "C", 60, 60, 39.37, 180],
		[101, "SW1_3", 200.79, -1099.78, "T", "DIP", "MOTOR-VCC", "", "C", 60, 60, 39.37, 180],
		[102, "SW1_3", 200.79, -1099.78, "B", "DIP", "MOTOR-VCC", "", "C", 60, 60, 39.37, 180],
		[103, "SW1_4", 200.79, -959.78, "T", "DIP", "GND", "GND", "C", 86.61, 86.61, 59.06, 180],
		[104, "SW1_4", 200.79, -959.78, "B", "DIP", "GND", "GND", "C", 86.61, 86.61, 59.06, 180],
		[105, "SW1_5", 200.79, -1469.78, "T", "DIP", "GND", "GND", "C", 86.61, 86.61, 59.06, 180],
		[106, "SW1_5", 200.79, -1469.78, "B", "DIP", "GND", "GND", "C", 86.61, 86.61, 59.06, 180],
		[107, "U1_1", 1591.59, -2670, "T", "DIP", "U1_1", "", "R", 62, 70.87, 43.31, 0],
		[108, "U1_1", 1591.59, -2670, "B", "DIP", "U1_1", "", "R", 62, 70.87, 43.31, 0],
		[109, "U1_2", 1591.59, -2570, "T", "DIP", "U1_2", "", "C", 70.87, 70.87, 43.31, 0],
		[110, "U1_2", 1591.59, -2570, "B", "DIP", "U1_2", "", "C", 70.87, 70.87, 43.31, 0],
		[111, "U1_3", 1691.59, -2670, "T", "DIP", "U1_3", "", "C", 70.87, 70.87, 43.31, 0],
		[112, "U1_3", 1691.59, -2670, "B", "DIP", "U1_3", "", "C", 70.87, 70.87, 43.31, 0],
		[113, "U1_4", 1691.59, -2570, "T", "DIP", "KEY_DOWN", "", "C", 70.87, 70.87, 43.31, 0],
		[114, "U1_4", 1691.59, -2570, "B", "DIP", "KEY_DOWN", "", "C", 70.87, 70.87, 43.31, 0],
		[115, "U1_5", 1791.59, -2670, "T", "DIP", "U1_5", "", "C", 70.87, 70.87, 43.31, 0],
		[116, "U1_5", 1791.59, -2670, "B", "DIP", "U1_5", "", "C", 70.87, 70.87, 43.31, 0],
		[117, "U1_6", 1791.59, -2570, "T", "DIP", "KEY_RIGHT", "", "C", 70.87, 70.87, 43.31, 0],
		[118, "U1_6", 1791.59, -2570, "B", "DIP", "KEY_RIGHT", "", "C", 70.87, 70.87, 43.31, 0],
		[119, "U1_7", 1891.59, -2670, "T", "DIP", "KEY_LEFT", "", "C", 70.87, 70.87, 43.31, 0],
		[120, "U1_7", 1891.59, -2670, "B", "DIP", "KEY_LEFT", "", "C", 70.87, 70.87, 43.31, 0],
		[121, "U1_8", 1891.59, -2570, "T", "DIP", "KEY_MID", "", "C", 70.87, 70.87, 43.31, 0],
		[122, "U1_8", 1891.59, -2570, "B", "DIP", "KEY_MID", "", "C", 70.87, 70.87, 43.31, 0],
		[123, "U1_9", 1991.59, -2670, "T", "DIP", "KEY_UP", "", "C", 70.87, 70.87, 43.31, 0],
		[124, "U1_9", 1991.59, -2670, "B", "DIP", "KEY_UP", "", "C", 70.87, 70.87, 43.31, 0],
		[125, "U1_10", 1991.59, -2570, "T", "DIP", "U1_10", "", "C", 70.87, 70.87, 43.31, 0],
		[126, "U1_10", 1991.59, -2570, "B", "DIP", "U1_10", "", "C", 70.87, 70.87, 43.31, 0],
		[127, "U1_11", 2091.59, -2670, "T", "DIP", "U1_11", "", "C", 70.87, 70.87, 43.31, 0],
		[128, "U1_11", 2091.59, -2670, "B", "DIP", "U1_11", "", "C", 70.87, 70.87, 43.31, 0],
		[129, "U1_12", 2091.59, -2570, "T", "DIP", "U1_12", "", "C", 70.87, 70.87, 43.31, 0],
		[130, "U1_12", 2091.59, -2570, "B", "DIP", "U1_12", "", "C", 70.87, 70.87, 43.31, 0],
		[131, "U1_13", 2191.59, -2670, "T", "DIP", "U1_13", "", "C", 70.87, 70.87, 43.31, 0],
		[132, "U1_13", 2191.59, -2670, "B", "DIP", "U1_13", "", "C", 70.87, 70.87, 43.31, 0],
		[133, "U1_14", 2191.59, -2570, "T", "DIP", "U1_14", "", "C", 70.87, 70.87, 43.31, 0],
		[134, "U1_14", 2191.59, -2570, "B", "DIP", "U1_14", "", "C", 70.87, 70.87, 43.31, 0],
		[135, "U1_15", 2291.59, -2670, "T", "DIP", "U1_15", "", "C", 70.87, 70.87, 43.31, 0],
		[136, "U1_15", 2291.59, -2670, "B", "DIP", "U1_15", "", "C", 70.87, 70.87, 43.31, 0],
		[137, "U1_16", 2291.59, -2570, "T", "DIP", "U1_16", "", "C", 70.87, 70.87, 43.31, 0],
		[138, "U1_16", 2291.59, -2570, "B", "DIP", "U1_16", "", "C", 70.87, 70.87, 43.31, 0],
		[139, "U1_17", 2391.59, -2670, "T", "DIP", "U1_17", "", "C", 70.87, 70.87, 43.31, 0],
		[140, "U1_17", 2391.59, -2670, "B", "DIP", "U1_17", "", "C", 70.87, 70.87, 43.31, 0],
		[141, "U1_18", 2391.59, -2570, "T", "DIP", "U1_18", "", "C", 70.87, 70.87, 43.31, 0],
		[142, "U1_18", 2391.59, -2570, "B", "DIP", "U1_18", "", "C", 70.87, 70.87, 43.31, 0],
		[143, "U1_19", 2491.59, -2670, "T", "DIP", "U1_19", "", "C", 70.87, 70.87, 43.31, 0],
		[144, "U1_19", 2491.59, -2670, "B", "DIP", "U1_19", "", "C", 70.87, 70.87, 43.31, 0],
		[145, "U1_20", 2491.59, -2570, "T", "DIP", "U1_20", "", "C", 70.87, 70.87, 43.31, 0],
		[146, "U1_20", 2491.59, -2570, "B", "DIP", "U1_20", "", "C", 70.87, 70.87, 43.31, 0],
		[147, "U1_21", 2591.59, -2670, "T", "DIP", "U1_21", "", "C", 70.87, 70.87, 43.31, 0],
		[148, "U1_21", 2591.59, -2670, "B", "DIP", "U1_21", "", "C", 70.87, 70.87, 43.31, 0],
		[149, "U1_22", 2591.59, -2570, "T", "DIP", "U1_22", "", "C", 70.87, 70.87, 43.31, 0],
		[150, "U1_22", 2591.59, -2570, "B", "DIP", "U1_22", "", "C", 70.87, 70.87, 43.31, 0],
		[151, "U1_23", 2691.59, -2670, "T", "DIP", "U1_23", "", "C", 70.87, 70.87, 43.31, 0],
		[152, "U1_23", 2691.59, -2670, "B", "DIP", "U1_23", "", "C", 70.87, 70.87, 43.31, 0],
		[153, "U1_24", 2691.59, -2570, "T", "DIP", "U1_24", "", "C", 70.87, 70.87, 43.31, 0],
		[154, "U1_24", 2691.59, -2570, "B", "DIP", "U1_24", "", "C", 70.87, 70.87, 43.31, 0],
		[155, "U1_25", 2791.59, -2670, "T", "DIP", "U1_25", "", "C", 70.87, 70.87, 43.31, 0],
		[156, "U1_25", 2791.59, -2670, "B", "DIP", "U1_25", "", "C", 70.87, 70.87, 43.31, 0],
		[157, "U1_26", 2791.59, -2570, "T", "DIP", "U1_26", "", "C", 70.87, 70.87, 43.31, 0],
		[158, "U1_26", 2791.59, -2570, "B", "DIP", "U1_26", "", "C", 70.87, 70.87, 43.31, 0],
		[159, "U1_27", 2891.59, -2670, "T", "DIP", "U1_27", "", "C", 70.87, 70.87, 43.31, 0],
		[160, "U1_27", 2891.59, -2670, "B", "DIP", "U1_27", "", "C", 70.87, 70.87, 43.31, 0],
		[161, "U1_28", 2891.59, -2570, "T", "DIP", "U1_28", "", "C", 70.87, 70.87, 43.31, 0],
		[162, "U1_28", 2891.59, -2570, "B", "DIP", "U1_28", "", "C", 70.87, 70.87, 43.31, 0],
		[163, "U1_29", 2991.59, -2670, "T", "DIP", "U1_29", "", "C", 70.87, 70.87, 43.31, 0],
		[164, "U1_29", 2991.59, -2670, "B", "DIP", "U1_29", "", "C", 70.87, 70.87, 43.31, 0],
		[165, "U1_30", 2991.59, -2570, "T", "DIP", "U1_30", "", "C", 70.87, 70.87, 43.31, 0],
		[166, "U1_30", 2991.59, -2570, "B", "DIP", "U1_30", "", "C", 70.87, 70.87, 43.31, 0],
		[167, "U1_31", 3091.59, -2670, "T", "DIP", "U1_31", "", "C", 70.87, 70.87, 43.31, 0],
		[168, "U1_31", 3091.59, -2670, "B", "DIP", "U1_31", "", "C", 70.87, 70.87, 43.31, 0],
		[169, "U1_32", 3091.59, -2570, "T", "DIP", "U1_32", "", "C", 70.87, 70.87, 43.31, 0],
		[170, "U1_32", 3091.59, -2570, "B", "DIP", "U1_32", "", "C", 70.87, 70.87, 43.31, 0],
		[171, "U1_33", 3191.59, -2670, "T", "DIP", "U1_33", "", "C", 70.87, 70.87, 43.31, 0],
		[172, "U1_33", 3191.59, -2670, "B", "DIP", "U1_33", "", "C", 70.87, 70.87, 43.31, 0],
		[173, "U1_34", 3191.59, -2570, "T", "DIP", "U1_34", "", "C", 70.87, 70.87, 43.31, 0],
		[174, "U1_34", 3191.59, -2570, "B", "DIP", "U1_34", "", "C", 70.87, 70.87, 43.31, 0],
		[175, "U1_35", 3291.59, -2670, "T", "DIP", "U1_35", "", "C", 70.87, 70.87, 43.31, 0],
		[176, "U1_35", 3291.59, -2670, "B", "DIP", "U1_35", "", "C", 70.87, 70.87, 43.31, 0],
		[177, "U1_36", 3291.59, -2570, "T", "DIP", "U1_36", "", "C", 70.87, 70.87, 43.31, 0],
		[178, "U1_36", 3291.59, -2570, "B", "DIP", "U1_36", "", "C", 70.87, 70.87, 43.31, 0],
		[179, "U1_37", 3391.59, -2670, "T", "DIP", "GND", "GND", "C", 70.87, 70.87, 43.31, 0],
		[180, "U1_37", 3391.59, -2670, "B", "DIP", "GND", "GND", "C", 70.87, 70.87, 43.31, 0],
		[181, "U1_38", 3391.59, -2570, "T", "DIP", "U1_38", "", "C", 70.87, 70.87, 43.31, 0],
		[182, "U1_38", 3391.59, -2570, "B", "DIP", "U1_38", "", "C", 70.87, 70.87, 43.31, 0],
		[183, "U1_39", 3491.59, -2670, "T", "DIP", "GND", "GND", "C", 70.87, 70.87, 43.31, 0],
		[184, "U1_39", 3491.59, -2670, "B", "DIP", "GND", "GND", "C", 70.87, 70.87, 43.31, 0],
		[185, "U1_40", 3491.59, -2570, "T", "DIP", "+5V", "", "C", 70.87, 70.87, 43.31, 0],
		[186, "U1_40", 3491.59, -2570, "B", "DIP", "+5V", "", "C", 70.87, 70.87, 43.31, 0],
		[187, "U1_41", 3488.41, -1270, "T", "DIP", "GND", "GND", "R", 62, 70.87, 43.31, 180],
		[188, "U1_41", 3488.41, -1270, "B", "DIP", "GND", "GND", "R", 62, 70.87, 43.31, 180],
		[189, "U1_42", 3488.41, -1170, "T", "DIP", "U1_42", "", "C", 70.87, 70.87, 43.31, 180],
		[190, "U1_42", 3488.41, -1170, "B", "DIP", "U1_42", "", "C", 70.87, 70.87, 43.31, 180],
		[191, "U1_43", 3388.41, -1270, "T", "DIP", "GND", "GND", "C", 70.87, 70.87, 43.31, 180],
		[192, "U1_43", 3388.41, -1270, "B", "DIP", "GND", "GND", "C", 70.87, 70.87, 43.31, 180],
		[193, "U1_44", 3388.41, -1170, "T", "DIP", "3V3", "", "C", 70.87, 70.87, 43.31, 180],
		[194, "U1_44", 3388.41, -1170, "B", "DIP", "3V3", "", "C", 70.87, 70.87, 43.31, 180],
		[195, "U1_45", 3288.41, -1270, "T", "DIP", "U1_45", "", "C", 70.87, 70.87, 43.31, 180],
		[196, "U1_45", 3288.41, -1270, "B", "DIP", "U1_45", "", "C", 70.87, 70.87, 43.31, 180],
		[197, "U1_46", 3288.41, -1170, "T", "DIP", "U1_46", "", "C", 70.87, 70.87, 43.31, 180],
		[198, "U1_46", 3288.41, -1170, "B", "DIP", "U1_46", "", "C", 70.87, 70.87, 43.31, 180],
		[199, "U1_47", 3188.41, -1270, "T", "DIP", "U1_47", "", "C", 70.87, 70.87, 43.31, 180],
		[200, "U1_47", 3188.41, -1270, "B", "DIP", "U1_47", "", "C", 70.87, 70.87, 43.31, 180],
		[201, "U1_48", 3188.41, -1170, "T", "DIP", "U1_48", "", "C", 70.87, 70.87, 43.31, 180],
		[202, "U1_48", 3188.41, -1170, "B", "DIP", "U1_48", "", "C", 70.87, 70.87, 43.31, 180],
		[203, "U1_49", 3088.41, -1270, "T", "DIP", "U1_49", "", "C", 70.87, 70.87, 43.31, 180],
		[204, "U1_49", 3088.41, -1270, "B", "DIP", "U1_49", "", "C", 70.87, 70.87, 43.31, 180],
		[205, "U1_50", 3088.41, -1170, "T", "DIP", "U1_50", "", "C", 70.87, 70.87, 43.31, 180],
		[206, "U1_50", 3088.41, -1170, "B", "DIP", "U1_50", "", "C", 70.87, 70.87, 43.31, 180],
		[207, "U1_51", 2988.41, -1270, "T", "DIP", "ENCODER-A", "", "C", 70.87, 70.87, 43.31, 180],
		[208, "U1_51", 2988.41, -1270, "B", "DIP", "ENCODER-A", "", "C", 70.87, 70.87, 43.31, 180],
		[209, "U1_52", 2988.41, -1170, "T", "DIP", "ENCODER-B", "", "C", 70.87, 70.87, 43.31, 180],
		[210, "U1_52", 2988.41, -1170, "B", "DIP", "ENCODER-B", "", "C", 70.87, 70.87, 43.31, 180],
		[211, "U1_53", 2888.41, -1270, "T", "DIP", "U1_53", "", "C", 70.87, 70.87, 43.31, 180],
		[212, "U1_53", 2888.41, -1270, "B", "DIP", "U1_53", "", "C", 70.87, 70.87, 43.31, 180],
		[213, "U1_54", 2888.41, -1170, "T", "DIP", "U1_54", "", "C", 70.87, 70.87, 43.31, 180],
		[214, "U1_54", 2888.41, -1170, "B", "DIP", "U1_54", "", "C", 70.87, 70.87, 43.31, 180],
		[215, "U1_55", 2788.41, -1270, "T", "DIP", "U1_55", "", "C", 70.87, 70.87, 43.31, 180],
		[216, "U1_55", 2788.41, -1270, "B", "DIP", "U1_55", "", "C", 70.87, 70.87, 43.31, 180],
		[217, "U1_56", 2788.41, -1170, "T", "DIP", "U1_56", "", "C", 70.87, 70.87, 43.31, 180],
		[218, "U1_56", 2788.41, -1170, "B", "DIP", "U1_56", "", "C", 70.87, 70.87, 43.31, 180],
		[219, "U1_57", 2688.41, -1270, "T", "DIP", "U1_57", "", "C", 70.87, 70.87, 43.31, 180],
		[220, "U1_57", 2688.41, -1270, "B", "DIP", "U1_57", "", "C", 70.87, 70.87, 43.31, 180],
		[221, "U1_58", 2688.41, -1170, "T", "DIP", "U1_58", "", "C", 70.87, 70.87, 43.31, 180],
		[222, "U1_58", 2688.41, -1170, "B", "DIP", "U1_58", "", "C", 70.87, 70.87, 43.31, 180],
		[223, "U1_59", 2588.41, -1270, "T", "DIP", "U1_59", "", "C", 70.87, 70.87, 43.31, 180],
		[224, "U1_59", 2588.41, -1270, "B", "DIP", "U1_59", "", "C", 70.87, 70.87, 43.31, 180],
		[225, "U1_60", 2588.41, -1170, "T", "DIP", "U1_60", "", "C", 70.87, 70.87, 43.31, 180],
		[226, "U1_60", 2588.41, -1170, "B", "DIP", "U1_60", "", "C", 70.87, 70.87, 43.31, 180],
		[227, "U1_61", 2488.41, -1270, "T", "DIP", "U1_61", "", "C", 70.87, 70.87, 43.31, 180],
		[228, "U1_61", 2488.41, -1270, "B", "DIP", "U1_61", "", "C", 70.87, 70.87, 43.31, 180],
		[229, "U1_62", 2488.41, -1170, "T", "DIP", "U1_62", "", "C", 70.87, 70.87, 43.31, 180],
		[230, "U1_62", 2488.41, -1170, "B", "DIP", "U1_62", "", "C", 70.87, 70.87, 43.31, 180],
		[231, "U1_63", 2388.41, -1270, "T", "DIP", "U1_63", "", "C", 70.87, 70.87, 43.31, 180],
		[232, "U1_63", 2388.41, -1270, "B", "DIP", "U1_63", "", "C", 70.87, 70.87, 43.31, 180],
		[233, "U1_64", 2388.41, -1170, "T", "DIP", "U1_64", "", "C", 70.87, 70.87, 43.31, 180],
		[234, "U1_64", 2388.41, -1170, "B", "DIP", "U1_64", "", "C", 70.87, 70.87, 43.31, 180],
		[235, "U1_65", 2288.41, -1270, "T", "DIP", "U1_65", "", "C", 70.87, 70.87, 43.31, 180],
		[236, "U1_65", 2288.41, -1270, "B", "DIP", "U1_65", "", "C", 70.87, 70.87, 43.31, 180],
		[237, "U1_66", 2288.41, -1170, "T", "DIP", "U1_66", "", "C", 70.87, 70.87, 43.31, 180],
		[238, "U1_66", 2288.41, -1170, "B", "DIP", "U1_66", "", "C", 70.87, 70.87, 43.31, 180],
		[239, "U1_67", 2188.41, -1270, "T", "DIP", "U1_67", "", "C", 70.87, 70.87, 43.31, 180],
		[240, "U1_67", 2188.41, -1270, "B", "DIP", "U1_67", "", "C", 70.87, 70.87, 43.31, 180],
		[241, "U1_68", 2188.41, -1170, "T", "DIP", "U1_68", "", "C", 70.87, 70.87, 43.31, 180],
		[242, "U1_68", 2188.41, -1170, "B", "DIP", "U1_68", "", "C", 70.87, 70.87, 43.31, 180],
		[243, "U1_69", 2088.41, -1270, "T", "DIP", "U1_69", "", "C", 70.87, 70.87, 43.31, 180],
		[244, "U1_69", 2088.41, -1270, "B", "DIP", "U1_69", "", "C", 70.87, 70.87, 43.31, 180],
		[245, "U1_70", 2088.41, -1170, "T", "DIP", "U1_70", "", "C", 70.87, 70.87, 43.31, 180],
		[246, "U1_70", 2088.41, -1170, "B", "DIP", "U1_70", "", "C", 70.87, 70.87, 43.31, 180],
		[247, "U1_71", 1988.41, -1270, "T", "DIP", "U1_71", "", "C", 70.87, 70.87, 43.31, 180],
		[248, "U1_71", 1988.41, -1270, "B", "DIP", "U1_71", "", "C", 70.87, 70.87, 43.31, 180],
		[249, "U1_72", 1988.41, -1170, "T", "DIP", "U1_72", "", "C", 70.87, 70.87, 43.31, 180],
		[250, "U1_72", 1988.41, -1170, "B", "DIP", "U1_72", "", "C", 70.87, 70.87, 43.31, 180],
		[251, "U1_73", 1888.41, -1270, "T", "DIP", "U1_73", "", "C", 70.87, 70.87, 43.31, 180],
		[252, "U1_73", 1888.41, -1270, "B", "DIP", "U1_73", "", "C", 70.87, 70.87, 43.31, 180],
		[253, "U1_74", 1888.41, -1170, "T", "DIP", "U1_74", "", "C", 70.87, 70.87, 43.31, 180],
		[254, "U1_74", 1888.41, -1170, "B", "DIP", "U1_74", "", "C", 70.87, 70.87, 43.31, 180],
		[255, "U1_75", 1788.41, -1270, "T", "DIP", "U1_75", "", "C", 70.87, 70.87, 43.31, 180],
		[256, "U1_75", 1788.41, -1270, "B", "DIP", "U1_75", "", "C", 70.87, 70.87, 43.31, 180],
		[257, "U1_76", 1788.41, -1170, "T", "DIP", "U1_76", "", "C", 70.87, 70.87, 43.31, 180],
		[258, "U1_76", 1788.41, -1170, "B", "DIP", "U1_76", "", "C", 70.87, 70.87, 43.31, 180],
		[259, "U1_77", 1688.41, -1270, "T", "DIP", "FI", "", "C", 70.87, 70.87, 43.31, 180],
		[260, "U1_77", 1688.41, -1270, "B", "DIP", "FI", "", "C", 70.87, 70.87, 43.31, 180],
		[261, "U1_78", 1688.41, -1170, "T", "DIP", "BI", "", "C", 70.87, 70.87, 43.31, 180],
		[262, "U1_78", 1688.41, -1170, "B", "DIP", "BI", "", "C", 70.87, 70.87, 43.31, 180],
		[263, "U1_79", 1588.41, -1270, "T", "DIP", "U1_79", "", "C", 70.87, 70.87, 43.31, 180],
		[264, "U1_79", 1588.41, -1270, "B", "DIP", "U1_79", "", "C", 70.87, 70.87, 43.31, 180],
		[265, "U1_80", 1588.41, -1170, "T", "DIP", "U1_80", "", "C", 70.87, 70.87, 43.31, 180],
		[266, "U1_80", 1588.41, -1170, "B", "DIP", "U1_80", "", "C", 70.87, 70.87, 43.31, 180],
		[267, "U4_1", 498.55, -1406.12, "T", "DIP", "BI", "", "R", 59.05, 59.05, 35.43, 270],
		[268, "U4_1", 498.55, -1406.12, "B", "DIP", "BI", "", "R", 59.05, 59.05, 35.43, 270],
		[269, "U4_2", 498.55, -1506.12, "T", "DIP", "FI", "", "C", 59.05, 59.05, 35.43, 0],
		[270, "U4_2", 498.55, -1506.12, "B", "DIP", "FI", "", "C", 59.05, 59.05, 35.43, 0],
		[271, "U4_3", 498.55, -1606.12, "T", "DIP", "GND", "GND", "C", 59.05, 59.05, 35.43, 0],
		[272, "U4_3", 498.55, -1606.12, "B", "DIP", "GND", "GND", "C", 59.05, 59.05, 35.43, 0],
		[273, "U4_4", 498.55, -1706.12, "T", "DIP", "MOTOR-VCC", "", "C", 59.05, 59.05, 35.43, 0],
		[274, "U4_4", 498.55, -1706.12, "B", "DIP", "MOTOR-VCC", "", "C", 59.05, 59.05, 35.43, 0],
		[275, "U4_5", 798.55, -1706.12, "T", "DIP", "$1N1740", "", "C", 59.05, 59.05, 35.43, 0],
		[276, "U4_5", 798.55, -1706.12, "B", "DIP", "$1N1740", "", "C", 59.05, 59.05, 35.43, 0],
		[277, "U4_6", 798.55, -1606.12, "T", "DIP", "$1N1740", "", "C", 59.05, 59.05, 35.43, 0],
		[278, "U4_6", 798.55, -1606.12, "B", "DIP", "$1N1740", "", "C", 59.05, 59.05, 35.43, 0],
		[279, "U4_7", 798.55, -1506.12, "T", "DIP", "$1N1765", "", "C", 59.05, 59.05, 35.43, 0],
		[280, "U4_7", 798.55, -1506.12, "B", "DIP", "$1N1765", "", "C", 59.05, 59.05, 35.43, 0],
		[281, "U4_8", 798.55, -1406.12, "T", "DIP", "$1N1765", "", "C", 59.05, 59.05, 35.43, 0],
		[282, "U4_8", 798.55, -1406.12, "B", "DIP", "$1N1765", "", "C", 59.05, 59.05, 35.43, 0],
		[283, "U5_1", 3369.98, -536.06, "T", "DIP", "$1N1765", "", "R", 70.87, 70.87, 39.37, 90],
		[284, "U5_1", 3369.98, -536.06, "B", "DIP", "$1N1765", "", "R", 70.87, 70.87, 39.37, 90],
		[285, "U5_2", 3369.98, -437.63, "T", "DIP", "GND", "GND", "C", 70.87, 70.87, 39.37, 90],
		[286, "U5_2", 3369.98, -437.63, "B", "DIP", "GND", "GND", "C", 70.87, 70.87, 39.37, 90],
		[287, "U5_3", 3369.99, -339.19, "T", "DIP", "ENCODER-A", "", "C", 70.87, 70.87, 39.37, 90],
		[288, "U5_3", 3369.99, -339.19, "B", "DIP", "ENCODER-A", "", "C", 70.87, 70.87, 39.37, 90],
		[289, "U5_4", 3370, -240.78, "T", "DIP", "ENCODER-B", "", "C", 70.87, 70.87, 39.37, 90],
		[290, "U5_4", 3370, -240.78, "B", "DIP", "ENCODER-B", "", "C", 70.87, 70.87, 39.37, 90],
		[291, "U5_5", 3370.01, -142.35, "T", "DIP", "3V3", "", "C", 70.87, 70.87, 39.37, 90],
		[292, "U5_5", 3370.01, -142.35, "B", "DIP", "3V3", "", "C", 70.87, 70.87, 39.37, 90],
		[293, "U5_6", 3370.02, -43.93, "T", "DIP", "$1N1740", "", "C", 70.87, 70.87, 39.37, 90],
		[294, "U5_6", 3370.02, -43.93, "B", "DIP", "$1N1740", "", "C", 70.87, 70.87, 39.37, 90],
		[295, "U6_1", 3695.02, -43.93, "T", "DIP", "$1N1740", "", "R", 70.87, 70.87, 39.37, 270],
		[296, "U6_1", 3695.02, -43.93, "B", "DIP", "$1N1740", "", "R", 70.87, 70.87, 39.37, 270],
		[297, "U6_2", 3695.02, -142.38, "T", "DIP", "3V3", "", "C", 70.87, 70.87, 39.37, 270],
		[298, "U6_2", 3695.02, -142.38, "B", "DIP", "3V3", "", "C", 70.87, 70.87, 39.37, 270],
		[299, "U6_3", 3695.01, -240.81, "T", "DIP", "ENCODER-B", "", "C", 70.87, 70.87, 39.37, 270],
		[300, "U6_3", 3695.01, -240.81, "B", "DIP", "ENCODER-B", "", "C", 70.87, 70.87, 39.37, 270],
		[301, "U6_4", 3695, -339.22, "T", "DIP", "ENCODER-A", "", "C", 70.87, 70.87, 39.37, 270],
		[302, "U6_4", 3695, -339.22, "B", "DIP", "ENCODER-A", "", "C", 70.87, 70.87, 39.37, 270],
		[303, "U6_5", 3694.99, -437.64, "T", "DIP", "GND", "GND", "C", 70.87, 70.87, 39.37, 270],
		[304, "U6_5", 3694.99, -437.64, "B", "DIP", "GND", "GND", "C", 70.87, 70.87, 39.37, 270],
		[305, "U6_6", 3694.98, -536.06, "T", "DIP", "$1N1765", "", "C", 70.87, 70.87, 39.37, 270],
		[306, "U6_6", 3694.98, -536.06, "B", "DIP", "$1N1765", "", "C", 70.87, 70.87, 39.37, 270],
		[307, "U7_1", 524.53, -1911.42, "T", "DIP", "KEY_UP", "", "C", 70.87, 70.87, 47.24, 0],
		[308, "U7_1", 524.53, -1911.42, "B", "DIP", "KEY_UP", "", "C", 70.87, 70.87, 47.24, 0],
		[309, "U7_2", 772.57, -1911.42, "T", "DIP", "U7_2", "", "C", 70.87, 70.87, 47.24, 0],
		[310, "U7_2", 772.57, -1911.42, "B", "DIP", "U7_2", "", "C", 70.87, 70.87, 47.24, 0],
		[311, "U7_3", 524.53, -2088.58, "T", "DIP", "U7_3", "", "C", 70.87, 70.87, 47.24, 0],
		[312, "U7_3", 524.53, -2088.58, "B", "DIP", "U7_3", "", "C", 70.87, 70.87, 47.24, 0],
		[313, "U7_4", 772.57, -2088.58, "T", "DIP", "GND", "GND", "C", 70.87, 70.87, 47.24, 0],
		[314, "U7_4", 772.57, -2088.58, "B", "DIP", "GND", "GND", "C", 70.87, 70.87, 47.24, 0],
		[315, "U8_1", 166.12, -2215.49, "T", "DIP", "KEY_LEFT", "", "C", 70.87, 70.87, 47.24, 0],
		[316, "U8_1", 166.12, -2215.49, "B", "DIP", "KEY_LEFT", "", "C", 70.87, 70.87, 47.24, 0],
		[317, "U8_2", 414.16, -2215.49, "T", "DIP", "U8_2", "", "C", 70.87, 70.87, 47.24, 0],
		[318, "U8_2", 414.16, -2215.49, "B", "DIP", "U8_2", "", "C", 70.87, 70.87, 47.24, 0],
		[319, "U8_3", 166.12, -2392.65, "T", "DIP", "U8_3", "", "C", 70.87, 70.87, 47.24, 0],
		[320, "U8_3", 166.12, -2392.65, "B", "DIP", "U8_3", "", "C", 70.87, 70.87, 47.24, 0],
		[321, "U8_4", 414.16, -2392.65, "T", "DIP", "GND", "GND", "C", 70.87, 70.87, 47.24, 0],
		[322, "U8_4", 414.16, -2392.65, "B", "DIP", "GND", "GND", "C", 70.87, 70.87, 47.24, 0],
		[323, "U9_1", 882.94, -2215.49, "T", "DIP", "KEY_RIGHT", "", "C", 70.87, 70.87, 47.24, 0],
		[324, "U9_1", 882.94, -2215.49, "B", "DIP", "KEY_RIGHT", "", "C", 70.87, 70.87, 47.24, 0],
		[325, "U9_2", 1130.98, -2215.49, "T", "DIP", "U9_2", "", "C", 70.87, 70.87, 47.24, 0],
		[326, "U9_2", 1130.98, -2215.49, "B", "DIP", "U9_2", "", "C", 70.87, 70.87, 47.24, 0],
		[327, "U9_3", 882.94, -2392.65, "T", "DIP", "U9_3", "", "C", 70.87, 70.87, 47.24, 0],
		[328, "U9_3", 882.94, -2392.65, "B", "DIP", "U9_3", "", "C", 70.87, 70.87, 47.24, 0],
		[329, "U9_4", 1130.98, -2392.65, "T", "DIP", "GND", "GND", "C", 70.87, 70.87, 47.24, 0],
		[330, "U9_4", 1130.98, -2392.65, "B", "DIP", "GND", "GND", "C", 70.87, 70.87, 47.24, 0],
		[331, "U10_1", 524.53, -2521.42, "T", "DIP", "KEY_DOWN", "", "C", 70.87, 70.87, 47.24, 0],
		[332, "U10_1", 524.53, -2521.42, "B", "DIP", "KEY_DOWN", "", "C", 70.87, 70.87, 47.24, 0],
		[333, "U10_2", 772.57, -2521.42, "T", "DIP", "U10_2", "", "C", 70.87, 70.87, 47.24, 0],
		[334, "U10_2", 772.57, -2521.42, "B", "DIP", "U10_2", "", "C", 70.87, 70.87, 47.24, 0],
		[335, "U10_3", 524.53, -2698.58, "T", "DIP", "U10_3", "", "C", 70.87, 70.87, 47.24, 0],
		[336, "U10_3", 524.53, -2698.58, "B", "DIP", "U10_3", "", "C", 70.87, 70.87, 47.24, 0],
		[337, "U10_4", 772.57, -2698.58, "T", "DIP", "GND", "GND", "C", 70.87, 70.87, 47.24, 0],
		[338, "U10_4", 772.57, -2698.58, "B", "DIP", "GND", "GND", "C", 70.87, 70.87, 47.24, 0],
		[339, "U11_1", 524.53, -2215.49, "T", "DIP", "KEY_MID", "", "C", 70.87, 70.87, 47.24, 0],
		[340, "U11_1", 524.53, -2215.49, "B", "DIP", "KEY_MID", "", "C", 70.87, 70.87, 47.24, 0],
		[341, "U11_2", 772.57, -2215.49, "T", "DIP", "U11_2", "", "C", 70.87, 70.87, 47.24, 0],
		[342, "U11_2", 772.57, -2215.49, "B", "DIP", "U11_2", "", "C", 70.87, 70.87, 47.24, 0],
		[343, "U11_3", 524.53, -2392.65, "T", "DIP", "U11_3", "", "C", 70.87, 70.87, 47.24, 0],
		[344, "U11_3", 524.53, -2392.65, "B", "DIP", "U11_3", "", "C", 70.87, 70.87, 47.24, 0],
		[345, "U11_4", 772.57, -2392.65, "T", "DIP", "GND", "GND", "C", 70.87, 70.87, 47.24, 0],
		[346, "U11_4", 772.57, -2392.65, "B", "DIP", "GND", "GND", "C", 70.87, 70.87, 47.24, 0],
		[347, "USB1_1", 327.84, -1729.13, "T", "DIP", "$1N706", "", "O", 39.37, 60, 39.37, 180],
		[348, "USB1_1", 327.84, -1729.13, "B", "DIP", "$1N706", "", "O", 39.37, 60, 39.37, 180],
		[349, "USB1_2", 327.83, -1870.86, "T", "DIP", "GND", "GND", "O", 39.37, 60, 39.37, 180],
		[350, "USB1_2", 327.83, -1870.86, "B", "DIP", "GND", "GND", "O", 39.37, 60, 39.37, 180],
		[351, "USB1_3", 182.17, -1972.24, "T", "DIP", "GND", "GND", "O", 39.37, 60, 43.31, 270],
		[352, "USB1_3", 182.17, -1972.24, "B", "DIP", "GND", "GND", "O", 39.37, 60, 43.31, 270],
		[353, "USB1_4", 182.16, -1627.75, "T", "DIP", "GND", "GND", "O", 39.37, 60, 43.31, 270],
		[354, "USB1_4", 182.16, -1627.75, "B", "DIP", "GND", "GND", "O", 39.37, 60, 43.31, 270]
	]
}
}